二级市,三级区县,四级镇街
佛山市,禅城区,祖庙街道
广州市,南沙区,珠江管理区
广州市,天河区,珠吉街道
广州市,越秀区,珠光街道
广州市,增城区,朱村街道
肇庆市,广宁县,洲仔镇
广州市,白云区,钟落潭镇
广州市,番禺区,钟村镇
肇庆市,怀集县,中洲镇
广州市,增城区,中新镇
香港,,中西区
东莞市,,中堂镇
中山市,,中山港街道
广州市,荔湾区,中南街道
江门市,鹤山市,址山镇
广州市,增城区,正果镇
惠州市,惠阳区,镇隆镇
肇庆市,四会市,贞山街道
深圳市　,南山区,招商街道
广州市,黄埔区,长洲街道
广州市,天河区,长兴街道
江门市,开平市,长沙街道
惠州市,博罗县,长宁镇
肇庆市,封开县,长岗镇
东莞市,,长安镇
肇庆市,封开县,长安镇
东莞市,,樟木头镇
佛山市,禅城区,张槎街道
广州市,荔湾区,站前街道
江门市,鹤山市,宅梧镇
肇庆市,怀集县,闸岗镇
广州市,增城区,增江街道
佛山市,三水区,云东海街道
广州市,白云区,云城街
深圳市　,南山区,粤海街道
肇庆市,德庆县,悦城镇
江门市,开平市,月山镇
广州市,天河区,员村街道
惠州市,博罗县,园洲镇
深圳市　,龙岗区,园山街道
深圳市　,福田区,园岭街道
香港,,元朗区
广州市,天河区,元岗街道
深圳市　,光明新区,玉塘街道
肇庆市,封开县,渔涝镇
广州市,黄埔区,鱼珠街道
香港,,油尖旺区
广州市,白云区,永平街道
广州市,增城区,永宁街
惠州市,惠阳区,永湖镇
广州市,黄埔区,永和街
惠州市,龙门县,永汉镇
肇庆市,怀集县,永固镇
肇庆市,德庆县,永丰镇
肇庆市,鼎湖区,永安镇
惠州市,博罗县,杨桥镇
佛山市,高明区,杨和镇
惠州市,博罗县,杨村镇
深圳市　,宝安区,燕罗街道
深圳市　,盐田区,盐田街道
江门市,鹤山市,雅瑶镇
江门市,新会区,崖门镇
广州市,花都区,秀全街
佛山市,顺德区,杏坛镇
肇庆市,封开县,杏花镇
广州市,天河区,兴华街道
广州市,番禺区,新造镇
广州市,花都区,新雅街
惠州市,惠阳区,新圩镇
肇庆市,德庆县,新圩镇
广州市,增城区,新塘镇
广州市,天河区,新塘街道
广州市,白云区,新市街道
肇庆市,高要区,新桥镇
深圳市　,宝安区,新桥街道
广州市,花都区,新华街道
深圳市　,光明新区,新湖街道
广州市,海珠区,新港街道
深圳市　,宝安区,新安街道
东莞市,,谢岗镇
肇庆市,高要区,小湘镇
广州市,增城区,小楼镇
中山市,,小榄镇
惠州市,惠城区,小金口街道
广州市,番禺区,小谷围街道
珠海市,香洲区,香湾街道
深圳市　,福田区,香蜜湖街道
肇庆市,高要区,蚬岗镇
江门市,开平市,蚬冈镇
广州市,天河区,冼村街道
广州市,增城区,仙村镇
广州市,黄埔区,夏港街
肇庆市,怀集县,下帅壮族瑶族乡
肇庆市,四会市,下茆镇
惠州市,惠阳区,霞涌街道
深圳市　,宝安区,西乡街道
惠州市,惠阳区,西区街道
中山市,,西区街道
佛山市,南海区,西樵镇
佛山市,三水区,西南街道
深圳市　,南山区,西丽街道
香港,,西贡区
广州市,荔湾区,西村街道
肇庆市,德庆县,武垄镇
广州市,天河区,五山街道
肇庆市,广宁县,五和镇
中山市,,五桂山街道
肇庆市,怀集县,汶朗镇
江门市,台山市,汶村镇
广州市,黄埔区,文冲街道
广州市,从化区,温泉镇
肇庆市,四会市,威整镇
东莞市,,望牛墩镇
澳门,,望德堂区
珠海市,香洲区,万山镇
广州市,南沙区,万顷沙镇
东莞市,,万江街道
香港,,湾仔区
珠海市,香洲区,湾仔街道
江门市,江海区,外海街道
香港,,屯门区
惠州市,惠城区,潼侨镇
惠州市,惠城区,潼湖镇
广州市,白云区,同和街道
广州市,白云区,同德街道
惠州市,惠东县,铁涌镇
广州市,天河区,天园街道
广州市,天河区,天河南街道
广州市,花都区,梯面镇
江门市,鹤山市,桃源镇
深圳市　,南山区,桃源街道
东莞市,,塘厦镇
江门市,开平市,塘口镇
江门市,蓬江区,棠下镇
广州市,天河区,棠下街道
广州市,白云区,棠景街道
珠海市,香洲区,唐家湾镇
广州市,花都区,炭步镇
中山市,,坦洲镇
肇庆市,广宁县,潭布镇
惠州市,博罗县,泰美镇
广州市,从化区,太平镇
广州市,白云区,太和镇
江门市,台山市,台城街道
深圳市　,罗湖区,笋岗街道
广州市,黄埔区,穗东街道
广州市,海珠区,素社街道
广州市,白云区,松洲街道
深圳市　,宝安区,松岗街道
江门市,台山市,四九镇
江门市,新会区,司前镇
肇庆市,高要区,水南镇
江门市,开平市,水口镇
惠州市,惠城区,水口街道
江门市,台山市,水步镇
江门市,新会区,双水镇
江门市,鹤山市,双合镇
广州市,番禺区,市桥街道
深圳市　,宝安区,石岩街道
广州市,荔湾区,石围塘街道
佛山市,禅城区,石湾镇街道
惠州市,博罗县,石湾镇
广州市,增城区,石滩镇
中山市,,石岐区街道
广州市,天河区,石牌街道
东莞市,,石排镇
广州市,白云区,石门街
广州市,番禺区,石楼镇
东莞市,,石龙镇
肇庆市,广宁县,石咀镇
广州市,白云区,石井街道
深圳市　,坪山新区,石井街道
东莞市,,石碣镇
广州市,番禺区,石基镇
肇庆市,四会市,石狗镇
广州市,番禺区,石壁镇
惠州市,博罗县,石坝镇
佛山市,南海区,狮山镇
珠海市,香洲区,狮山街道
广州市,花都区,狮岭镇
肇庆市,怀集县,诗洞镇
江门市,恩平市,圣堂镇
澳门,,圣方济各堂区
澳门,,圣安多尼堂区（花王堂区）
中山市,,神湾镇
香港,,深水埗区
江门市,台山市,深井镇
深圳市　,南山区,蛇口街道
广州市,海珠区,沙园街道
中山市,,沙溪镇
广州市,番禺区,沙湾镇
广州市,番禺区,沙头街道
深圳市　,福田区,沙头街道
深圳市　,盐田区,沙头角街道
东莞市,,沙田镇
惠州市,惠阳区,沙田镇
香港,,沙田区
江门市,开平市,沙塘镇
肇庆市,鼎湖区,沙浦镇
江门市,鹤山市,沙坪镇
广州市,荔湾区,沙面街道
深圳市　,宝安区,沙井街道
江门市,恩平市,沙湖镇
广州市,天河区,沙河街道
深圳市　,南山区,沙河街道
江门市,新会区,沙堆镇
广州市,天河区,沙东街道
珠海市,金湾区,三灶镇
广州市,白云区,三元里街道
中山市,,三乡镇
中山市,,三角镇
江门市,新会区,三江镇
惠州市,惠阳区,三和街道
江门市,台山市,三合镇
惠州市,惠城区,三栋镇
江门市,开平市,三埠街道
广州市,海珠区,瑞宝街道
惠州市,惠城区,汝湖镇
佛山市,顺德区,容桂街道
惠州市,惠东县,稔山镇
广州市,越秀区,人民街道
广州市,白云区,人和镇
香港,,荃湾区
惠州市,惠阳区,秋长街道
东莞市,,清溪镇
深圳市　,罗湖区,清水河街道
广州市,荔湾区,桥中街道
惠州市,惠城区,桥西街道
东莞市,,桥头镇
肇庆市,怀集县,桥头镇
广州市,番禺区,桥南街道
惠州市,惠城区,桥东街道
珠海市,斗门区,乾务镇
珠海市,香洲区,前山街道
广州市,天河区,前进街道
肇庆市,怀集县,洽水镇
东莞市,,企石镇
深圳市　,坪山新区,坪山街道
深圳市　,龙岗区,坪地街道
惠州市,惠阳区,平潭镇
惠州市,惠东县,平山街道
珠海市,金湾区,平沙镇
惠州市,龙门县,平陵镇
深圳市　,龙岗区,平湖街道
惠州市,惠东县,平海镇
肇庆市,封开县,平凤镇
广州市,增城区,派潭镇
肇庆市,广宁县,排沙镇
广州市,海珠区,琶洲街道
广州市,越秀区,农林街道
江门市,恩平市,牛江镇
佛山市,禅城区,南庄镇
广州市,海珠区,南洲街道
广州市,荔湾区,南源街道
深圳市　,福田区,南园街道
深圳市　,龙岗区,南湾街道
中山市,,南头镇
深圳市　,南山区,南头街道
珠海市,金湾区,南水镇
广州市,海珠区,南石头街道
佛山市,三水区,南山镇
深圳市　,南山区,南山街道
广州市,南沙区,南沙街道
中山市,,南区街道
香港,,南区
珠海市,香洲区,南屏镇
中山市,,南朗镇
肇庆市,广宁县,南街镇
广州市,海珠区,南华西街道
深圳市　,罗湖区,南湖街道
广州市,黄埔区,南岗街道
肇庆市,封开县,南丰镇
广州市,番禺区,南村镇
东莞市,,南城街道
深圳市　,大鹏新区,南澳街道
肇庆市,高要区,南岸街道
江门市,恩平市,那吉镇
江门市,新会区,睦州镇
肇庆市,端州区,睦岗街道
肇庆市,广宁县,木格镇
肇庆市,德庆县,莫村镇
佛山市,高明区,明城镇
中山市,,民众镇
深圳市　,龙华新区,民治街道
深圳市　,盐田区,梅沙街道
深圳市　,福田区,梅林街道
珠海市,香洲区,梅华街道
广州市,越秀区,梅花村街道
肇庆市,德庆县,马圩镇
深圳市　,光明新区,马田街道
肇庆市,怀集县,马宁镇
深圳市　,坪山新区,马峦街道
江门市,开平市,马冈镇
惠州市,惠城区,马安镇
惠州市,龙门县,麻榨镇
东莞市,,麻涌镇
惠州市,博罗县,麻陂镇
广州市,从化区,吕田镇
广州市,番禺区,洛浦街道
肇庆市,广宁县,螺岗镇
广州市,黄埔区,萝岗街
肇庆市,四会市,罗源镇
惠州市,博罗县,罗阳镇
江门市,新会区,罗坑镇
肇庆市,封开县,罗董镇
佛山市,顺德区,伦教街道
澳门,,路氹城
肇庆市,高要区,禄步镇
惠州市,惠城区,芦洲镇
佛山市,三水区,芦苞镇
广州市,南沙区,龙穴街
惠州市,博罗县,龙溪镇
惠州市,龙门县,龙田镇
深圳市　,坪山新区,龙田街道
惠州市,龙门县,龙潭镇
江门市,开平市,龙胜镇
江门市,鹤山市,龙口镇
广州市,荔湾区,龙津街道
佛山市,顺德区,龙江镇
惠州市,龙门县,龙江镇
惠州市,博罗县,龙华镇
惠州市,龙门县,龙华镇
深圳市　,龙华新区,龙华街道
深圳市　,龙岗区,龙岗街道
肇庆市,四会市,龙甫镇
广州市,海珠区,龙凤街道
惠州市,惠城区,龙丰街道
广州市,天河区,龙洞街道
惠州市,龙门县,龙城街道
深圳市　,龙岗区,龙城街道
广州市,越秀区,六榕街道
广州市,越秀区,流花街道
广州市,荔湾区,岭南街道
广州市,天河区,林和街道
广州市,天河区,猎德街道
东莞市,,寮步镇
惠州市,惠东县,梁化镇
肇庆市,怀集县,梁村镇
江门市,恩平市,良西镇
广州市,从化区,良口镇
惠州市,惠阳区,良井镇
广州市,黄埔区,联和街
珠海市,斗门区,莲洲镇
肇庆市,高要区,莲塘镇
深圳市　,罗湖区,莲塘街道
肇庆市,鼎湖区,莲花镇
深圳市　,福田区,莲花街道
肇庆市,封开县,莲都镇
肇庆市,怀集县,连麦镇
广州市,黄埔区,荔联街道
广州市,增城区,荔城街道
惠州市,惠城区,沥林镇
佛山市,南海区,里水镇
江门市,江海区,礼乐街道
香港,,离岛区
肇庆市,怀集县,冷坑镇
佛山市,顺德区,勒流街道
佛山市,三水区,乐平镇
佛山市,顺德区,乐从镇
肇庆市,高要区,乐城镇
广州市,南沙区,榄核镇
肇庆市,怀集县,蓝钟镇
惠州市,龙门县,蓝田瑶族乡
深圳市　,大鹏新区,葵涌街道
香港,,葵青区
广州市,越秀区,矿泉街道
深圳市　,坪山新区,坑梓街道
肇庆市,广宁县,坑口镇
肇庆市,鼎湖区,坑口街道
江门市,恩平市,君堂镇
广州市,白云区,均禾街道
佛山市,顺德区,均安镇
肇庆市,德庆县,九市镇
广州市,黄埔区,九龙镇
香港,,九龙城区
佛山市,南海区,九江镇
肇庆市,四会市,迳口镇
广州市,白云区,景泰街道
珠海市,斗门区,井岸镇
广州市,白云区,京溪街道
肇庆市,封开县,金装镇
广州市,白云区,金沙街道
肇庆市,高要区,金利镇
江门市,开平市,金鸡镇
广州市,荔湾区,金花街道
肇庆市,高要区,金渡镇
广州市,从化区,街口街道
肇庆市,高要区,蛟塘镇
肇庆市,广宁县,江屯镇
广州市,从化区,江埔街道
广州市,海珠区,江南中街道
惠州市,惠城区,江南街道
江门市,江海区,江南街道
肇庆市,封开县,江口镇
广州市,海珠区,江海街道
肇庆市,四会市,江谷镇
广州市,白云区,江高镇
肇庆市,封开县,江川镇
惠州市,惠城区,江北街道
广州市,越秀区,建设街道
澳门,,嘉模堂区
广州市,白云区,嘉禾街道
惠州市,惠东县,吉隆镇
深圳市　,龙岗区,吉华街道
珠海市,香洲区,吉大街道
肇庆市,高要区,活道镇
惠州市,惠城区,惠环街道
江门市,新会区,会城街道
肇庆市,德庆县,回龙镇
肇庆市,高要区,回龙镇
肇庆市,四会市,黄田镇
广州市,白云区,黄石街道
中山市,,黄圃镇
广州市,黄埔区,黄埔街道
东莞市,,黄江镇
广州市,越秀区,黄花岗街道
广州市,南沙区,黄阁镇
肇庆市,端州区,黄岗街道
香港,,黄大仙区
广州市,天河区,黄村街道
惠州市,惠东县,黄埠镇
深圳市　,罗湖区,黄贝街道
江门市,蓬江区,环市街道
肇庆市,怀集县,怀城镇
广州市,番禺区,化龙镇
广州市,海珠区,华洲街道
深圳市　,福田区,华强北街道
广州市,荔湾区,华林街道
广州市,越秀区,华乐街道
深圳市　,福田区,华富街道
广州市,花都区,花山镇
广州市,花都区,花东镇
澳门,,花地玛堂区（北区）
广州市,荔湾区,花地街道
广州市,花都区,花城街
东莞市,,虎门镇
惠州市,博罗县,湖镇镇
东莞市,,厚街镇
广州市,越秀区,洪桥街道
东莞市,,洪梅镇
广州市,黄埔区,红山街道
珠海市,金湾区,红旗镇
肇庆市,广宁县,横山镇
珠海市,香洲区,横琴镇
东莞市,,横沥镇
广州市,南沙区,横沥镇
惠州市,惠城区,横沥镇
中山市,,横栏镇
惠州市,博罗县,横河镇
深圳市　,龙岗区,横岗街道
江门市,恩平市,横陂镇
广州市,白云区,鹤龙街
江门市,鹤山市,鹤城镇
江门市,蓬江区,荷塘镇
佛山市,高明区,荷城街道
肇庆市,高要区,河台镇
惠州市,惠城区,河南岸街道
肇庆市,封开县,河儿口镇
深圳市　,宝安区,航城街道
广州市,海珠区,海幢街道
江门市,台山市,海宴镇
深圳市　,盐田区,海山街道
广州市,荔湾区,海龙街道
深圳市　,罗湖区,桂园街道
珠海市,香洲区,桂山镇
佛山市,南海区,桂城街道
肇庆市,鼎湖区,桂城街道
肇庆市,鼎湖区,广利街道
江门市,台山市,广海镇
广州市,越秀区,光塔街道
深圳市　,光明新区,光明街道
东莞市,,莞城街道
广州市,海珠区,官洲街道
肇庆市,德庆县,官圩镇
惠州市,博罗县,观音阁镇
香港,,观塘区
深圳市　,龙华新区,观澜街道
深圳市　,龙华新区,观湖街道
中山市,,古镇镇
肇庆市,广宁县,古水镇
江门市,鹤山市,古劳镇
江门市,新会区,古井镇
江门市,鹤山市,共和镇
珠海市,香洲区,拱北街道
惠州市,博罗县,公庄镇
深圳市　,光明新区,公明街道
佛山市,高明区,更合镇
惠州市,惠东县,高潭镇
肇庆市,德庆县,高良镇
东莞市,,高埗镇
中山市,,港口镇
肇庆市,怀集县,岗坪镇
肇庆市,怀集县,甘洒镇
中山市,,阜沙镇
深圳市　,宝安区,福永街道
惠州市,博罗县,福田镇
深圳市　,福田区,福田街道
深圳市　,宝安区,福海街道
深圳市　,龙华新区,福城街道
深圳市　,福田区,福保街道
广州市,海珠区,凤阳街道
肇庆市,鼎湖区,凤凰镇
广州市,天河区,凤凰街道
深圳市　,光明新区,凤凰街道
东莞市,,凤岗镇
肇庆市,怀集县,凤岗镇
肇庆市,德庆县,凤村镇
广州市,荔湾区,逢源街道
澳门,,风顺堂区
江门市,恩平市,恩城街道
惠州市,惠东县,多祝镇
广州市,荔湾区,多宝街道
江门市,台山市,端芬镇
江门市,蓬江区,杜阮镇
江门市,台山市,斗山镇
珠海市,斗门区,斗门镇
肇庆市,封开县,都平镇
江门市,台山市,都斛镇
广州市,南沙区,东涌镇
深圳市　,罗湖区,东晓街道
中山市,,东升镇
广州市,荔湾区,东沙街道
中山市,,东区街道
广州市,黄埔区,东区街
香港,,东区
深圳市　,罗湖区,东门街道
东莞市,,东坑镇
广州市,荔湾区,东漖街道
广州市,番禺区,东环街道
广州市,越秀区,东湖街道
深圳市　,罗湖区,东湖街道
中山市,,东凤镇
东莞市,,东城街道
肇庆市,四会市,东城街道
江门市,恩平市,东成镇
惠州市,龙门县,地派镇
肇庆市,四会市,地豆镇
广州市,越秀区,登峰街道
肇庆市,德庆县,德城街道
东莞市,,道滘镇
惠州市,惠阳区,淡水街道
珠海市,香洲区,担杆镇
佛山市,南海区,丹灶镇
肇庆市,封开县,大洲镇
江门市,新会区,大泽镇
肇庆市,封开县,大玉口镇
中山市,,大涌镇
肇庆市,高要区,大湾镇
江门市,恩平市,大田镇
佛山市,三水区,大塘镇
广州市,越秀区,大塘街道
澳门,,大堂区
广州市,番禺区,大石街道
江门市,开平市,大沙镇
肇庆市,四会市,大沙镇
广州市,黄埔区,大沙街道
香港,,大埔区
深圳市　,大鹏新区,大鹏街道
广州市,番禺区,大龙镇
惠州市,惠东县,大岭镇
东莞市,,大岭山镇
佛山市,顺德区,大良街道
佛山市,南海区,大沥镇
深圳市　,龙华新区,大浪街道
东莞市,,大朗镇
江门市,台山市,大江镇
江门市,恩平市,大槐镇
广州市,南沙区,大岗镇
肇庆市,怀集县,大岗镇
广州市,越秀区,大东街道
江门市,新会区,大鰲镇
深圳市　,罗湖区,翠竹街道
珠海市,香洲区,翠香街道
江门市,台山市,川岛镇
江门市,台山市,冲蒌镇
广州市,荔湾区,冲口街道
江门市,台山市,赤溪镇
江门市,开平市,赤水镇
广州市,花都区,赤坭镇
肇庆市,广宁县,赤坑镇
江门市,开平市,赤坎镇
广州市,海珠区,赤岗街道
肇庆市,四会市,城中街道
肇庆市,端州区,城西街道
广州市,从化区,城郊街道
肇庆市,端州区,城东街道
惠州市,惠城区,陈江街道
佛山市,顺德区,陈村镇
广州市,天河区,车陂街道
江门市,蓬江区,潮连街道
东莞市,,常平镇
广州市,荔湾区,昌华街道
广州市,海珠区,昌岗街道
东莞市,,茶山镇
广州市,荔湾区,茶滘街道
江门市,开平市,苍城镇
广州市,荔湾区,彩虹街道
深圳市　,龙岗区,布吉街道
肇庆市,德庆县,播植镇
广州市,海珠区,滨江街道
肇庆市,广宁县,宾亨镇
深圳市　,坪山新区,碧岭街道
肇庆市,广宁县,北市镇
香港,,北区
广州市,越秀区,北京街道
佛山市,顺德区,北滘镇
江门市,台山市,北陡镇
深圳市　,龙岗区,宝龙街道
惠州市,惠东县,宝口镇
中山市,,板芙镇
深圳市　,龙岗区,坂田街道
惠州市,博罗县,柏塘镇
江门市,开平市,百合镇
肇庆市,高要区,白诸镇
广州市,越秀区,白云街道
广州市,白云区,白云湖街
肇庆市,高要区,白土镇
珠海市,斗门区,白藤街道
江门市,台山市,白沙镇
江门市,蓬江区,白沙街道
惠州市,惠东县,白盆珠镇
佛山市,三水区,白坭镇
珠海市,斗门区,白蕉镇
惠州市,惠东县,白花镇
广州市,荔湾区,白鹤洞街道
肇庆市,封开县,白垢镇
惠州市,惠阳区,澳头街道
肇庆市,怀集县,坳仔镇
广州市,从化区,鳌头镇
惠州市,惠东县,安墩镇
